title,date,url
【撮り鉄】あの名鉄「犬山橋」でカッコイイ鉄道写真を撮る！！【愛知県犬山遊園駅・岐阜県新鵜沼駅】,2025.02.17,https://netank.net/30890.aspx
【戦闘機撮影】航空自衛隊「岐阜基地」で世界一カッコイイ戦闘機を撮影してきた！【岐阜県各務原市・空の森運動公園】,2025.02.16,https://netank.net/30863.aspx
【定番】超有名な野鳥撮影スポット「藤前干潟」に”干潟”が存在せず、変な髪型の鳥がいた【愛知県名古屋市港区】,2025.02.13,https://netank.net/30821.aspx
国宝犬山城で「黄金の犬山城」と「犬山城と満月」の写真を撮影してきた【愛知県犬山市】,2025.02.12,https://netank.net/30778.aspx
【城】愛知県で一番カッコイイ「清州城」の夜景を撮影してきました！【愛知県清須市】,2025.02.10,https://netank.net/30751.aspx
【訪問記】中部国際空港セントレアの展望デッキで飛行機写真を撮ってみた！【人生初】,2025.02.08,https://netank.net/30715.aspx
【名鉄広見線】ジブリ風な鉄道風景写真を撮影してみた＠初心者撮り鉄【岐阜県可児川駅】,2025.02.06,https://netank.net/30682.aspx
【名古屋港】人生初の「工場夜景」撮影にチャレンジ！世界一カッコイイ工場を撮る！【愛知県名古屋市金城ふ頭】,2025.02.05,https://netank.net/30657.aspx
【SEL300F28GMレビュー】90万円の最高級単焦点「望遠レンズ300mmF2.8」で野鳥撮影した結果…,2025.02.02,https://netank.net/30637.aspx
【癖強写真】世界一斬新な「ミニチュア風な飛行機写真」を撮影するぜ！【名古屋空港・展望デッキ】,2025.01.29,https://netank.net/30607.aspx
初心者撮り鉄のワイ、東海道新幹線を世界一かっこよく撮ろうとした結果…【名古屋市笠寺駅付近】,2025.01.25,https://netank.net/30574.aspx
【笠松カーブ】世界一カッコいい鉄橋鉄道写真を撮りたり男の奮闘記【名鉄：木曽川橋梁】,2025.01.23,https://netank.net/30548.aspx
【癖強な鉄道写真】初の風景写真【サングラス大仏】を撮影しました！【愛知県江南市・名鉄犬山線】,2025.01.22,https://netank.net/30538.aspx
【名鉄・枇杷島分岐点】初の「鉄道編成写真」にチャレンジし大失敗！新幹線の流し撮りも【愛知県清須市】,2025.01.20,https://netank.net/30513.aspx
【黄金跨線橋】吉田、迷惑系「撮り鉄」になる！？初の鉄道写真にチャレンジ！【愛知県名古屋市】,2025.01.20,https://netank.net/30496.aspx
世界最強カメラα1II（90万円）を買ったので野鳥撮影を始めました！,2025.01.20,https://netank.net/30473.aspx
